	UD_Afrikaans-AfriBooms	UD_Ancient_Greek-PROIEL	UD_Ancient_Greek-Perseus	UD_Arabic-PADT	UD_Armenian-ArmTDP	UD_Basque-BDT	UD_Belarusian-HSE	UD_Bulgarian-BTB	UD_Catalan-AnCora	UD_Chinese-GSD	UD_Chinese-GSDSimp	UD_Classical_Chinese-Kyoto	UD_Coptic-Scriptorium	UD_Croatian-SET	UD_Czech-CAC	UD_Czech-CLTT	UD_Czech-FicTree	UD_Czech-PDT	UD_Danish-DDT	UD_Dutch-Alpino	UD_Dutch-LassySmall	UD_English-Atis	UD_English-ESL	UD_English-EWT	UD_English-GUM	UD_English-GUMReddit	UD_English-LinES	UD_English-ParTUT	UD_English-Tweebank2	UD_Estonian-EDT	UD_Estonian-EWT	UD_Faroese-FarPaHC	UD_Finnish-FTB	UD_Finnish-TDT	UD_French-FTB	UD_French-GSD	UD_French-ParTUT	UD_French-Rhapsodie	UD_French-Sequoia	UD_Galician-CTG	UD_German-GSD	UD_German-HDT	UD_German-tweeDE	UD_Gothic-PROIEL	UD_Greek-GDT	UD_Hebrew-HTB	UD_Hindi-HDTB	UD_Hindi_English-HIENCS	UD_Hungarian-Szeged	UD_Icelandic-IcePaHC	UD_Icelandic-Modern	UD_Indonesian-GSD	UD_Irish-IDT	UD_Italian-ISDT	UD_Italian-ParTUT	UD_Italian-PoSTWITA	UD_Italian-TWITTIRO	UD_Italian-VIT	UD_Japanese-GSD	UD_Japanese-GSDLUW	UD_Korean-GSD	UD_Korean-Kaist	UD_Latin-ITTB	UD_Latin-LLCT	UD_Latin-PROIEL	UD_Latin-UDante	UD_Latvian-LVTB	UD_Lithuanian-ALKSNIS	UD_Lithuanian-HSE	UD_Maltese-MUDT	UD_Marathi-UFAL	UD_Naija-NSC	UD_Norwegian-Bokmaal	UD_Norwegian-Nynorsk	UD_Norwegian-NynorskLIA	UD_Old_Church_Slavonic-PROIEL	UD_Old_East_Slavic-TOROT	UD_Old_French-SRCMF	UD_Persian-PerDT	UD_Persian-Seraji	UD_Polish-LFG	UD_Polish-PDB	UD_Portuguese-Bosque	UD_Portuguese-GSD	UD_Romanian-Nonstandard	UD_Romanian-RRT	UD_Romanian-SiMoNERo	UD_Russian-GSD	UD_Russian-SynTagRus	UD_Russian-Taiga	UD_Scottish_Gaelic-ARCOSG	UD_Serbian-SET	UD_Slovak-SNK	UD_Slovenian-SSJ	UD_Spanish-AnCora	UD_Spanish-GSD	UD_Swedish-LinES	UD_Swedish-Talbanken	UD_Swedish_Sign_Language-SSLC	UD_Tamil-TTB	UD_Telugu-MTG	UD_Turkish-Atis	UD_Turkish-BOUN	UD_Turkish-FrameNet	UD_Turkish-IMST	UD_Turkish-Kenet	UD_Turkish-Penn	UD_Turkish-Tourism	UD_Turkish_German-SAGT	UD_Ukrainian-IU	UD_Urdu-UDTB	UD_Uyghur-UDT	UD_Vietnamese-VTB	UD_Welsh-CCG	UD_Western_Armenian-ArmTDP	UD_Wolof-WTB
UD_Ancient_Greek-PROIEL	29.0	0.0	0.0	21.0	31.0	30.0	7.0	11.0	14.0	32.0	32.0	32.0	30.0	7.0	15.0	15.0	15.0	15.0	17.0	22.0	22.0	20.0	20.0	20.0	20.0	20.0	20.0	20.0	20.0	13.0	13.0	15.0	18.0	18.0	19.0	19.0	19.0	19.0	19.0	8.0	20.0	20.0	20.0	15.0	9.0	17.0	26.0	15.5	27.0	16.0	16.0	27.0	15.0	13.0	13.0	13.0	13.0	13.0	44.0	44.0	38.0	38.0	12.0	12.0	12.0	12.0	19.0	14.0	14.0	17.0	36.0	19.0	15.0	15.0	15.0	7.0	13.0	11.0	29.0	29.0	9.0	9.0	12.0	12.0	10.0	10.0	10.0	13.0	13.0	13.0	18.0	8.0	8.0	9.0	14.0	14.0	17.0	17.0	17.0	38.0	37.0	35.0	35.0	35.0	35.0	35.0	35.0	35.0	19.25	8.0	28.0	39.0	33.0	14.0	31.0	32.0
UD_Ancient_Greek-Perseus	29.0	0.0	0.0	21.0	31.0	30.0	7.0	11.0	14.0	32.0	32.0	32.0	30.0	7.0	15.0	15.0	15.0	15.0	17.0	22.0	22.0	20.0	20.0	20.0	20.0	20.0	20.0	20.0	20.0	13.0	13.0	15.0	18.0	18.0	19.0	19.0	19.0	19.0	19.0	8.0	20.0	20.0	20.0	15.0	9.0	17.0	26.0	15.5	27.0	16.0	16.0	27.0	15.0	13.0	13.0	13.0	13.0	13.0	44.0	44.0	38.0	38.0	12.0	12.0	12.0	12.0	19.0	14.0	14.0	17.0	36.0	19.0	15.0	15.0	15.0	7.0	13.0	11.0	29.0	29.0	9.0	9.0	12.0	12.0	10.0	10.0	10.0	13.0	13.0	13.0	18.0	8.0	8.0	9.0	14.0	14.0	17.0	17.0	17.0	38.0	37.0	35.0	35.0	35.0	35.0	35.0	35.0	35.0	19.25	8.0	28.0	39.0	33.0	14.0	31.0	32.0
UD_Arabic-PADT	34.0	21.0	21.0	0.0	30.0	29.0	20.0	26.0	21.0	39.0	39.0	39.0	21.0	22.0	28.0	28.0	28.0	28.0	28.0	33.0	33.0	29.0	29.0	29.0	29.0	29.0	29.0	29.0	29.0	24.0	24.0	28.0	27.0	27.0	24.0	24.0	24.0	24.0	24.0	21.0	31.0	31.0	31.0	26.0	20.0	16.0	29.0	21.5	32.0	25.0	25.0	30.0	18.0	20.0	20.0	20.0	20.0	20.0	49.0	49.0	47.0	47.0	27.0	27.0	27.0	27.0	28.0	25.0	25.0	14.0	43.0	26.0	26.0	26.0	26.0	22.0	22.0	24.0	30.0	30.0	20.0	20.0	21.0	21.0	19.0	19.0	19.0	22.0	22.0	22.0	23.0	19.0	23.0	20.0	21.0	21.0	28.0	28.0	26.0	41.0	40.0	36.0	36.0	36.0	36.0	36.0	36.0	36.0	25.25	23.0	31.0	40.0	34.0	15.0	30.0	23.0
UD_Basque-BDT	29.0	30.0	30.0	29.0	27.0	0.0	29.0	27.0	28.0	38.0	38.0	38.0	28.0	29.0	33.0	33.0	33.0	33.0	35.0	32.0	32.0	32.0	32.0	32.0	32.0	32.0	32.0	32.0	32.0	27.0	27.0	33.0	28.0	28.0	31.0	31.0	31.0	31.0	31.0	28.0	32.0	32.0	32.0	29.0	29.0	25.0	22.0	19.5	25.0	34.0	34.0	33.0	31.0	27.0	27.0	27.0	27.0	27.0	34.0	34.0	32.0	32.0	24.0	24.0	24.0	24.0	35.0	32.0	32.0	27.0	34.0	31.0	33.0	33.0	33.0	27.0	29.0	23.0	27.0	27.0	31.0	31.0	24.0	24.0	26.0	26.0	26.0	29.0	29.0	29.0	34.0	24.0	28.0	25.0	24.0	24.0	33.0	33.0	33.0	38.0	35.0	27.0	27.0	27.0	27.0	27.0	27.0	27.0	21.25	30.0	22.0	35.0	37.0	30.0	27.0	32.0
UD_Belarusian-HSE	24.0	7.0	7.0	20.0	26.0	29.0	0.0	8.0	11.0	29.0	29.0	29.0	29.0	4.0	12.0	12.0	12.0	12.0	14.0	17.0	17.0	17.0	17.0	17.0	17.0	17.0	17.0	17.0	17.0	10.0	10.0	14.0	15.0	15.0	16.0	16.0	16.0	16.0	16.0	11.0	15.0	15.0	15.0	14.0	8.0	16.0	21.0	11.5	22.0	11.0	11.0	26.0	16.0	10.0	10.0	10.0	10.0	10.0	39.0	39.0	33.0	33.0	17.0	17.0	17.0	17.0	16.0	11.0	11.0	18.0	31.0	16.0	12.0	12.0	12.0	4.0	8.0	12.0	24.0	24.0	4.0	4.0	9.0	9.0	9.0	9.0	9.0	8.0	8.0	8.0	19.0	7.0	5.0	6.0	11.0	11.0	14.0	14.0	14.0	33.0	32.0	30.0	30.0	30.0	30.0	30.0	30.0	30.0	14.25	5.0	23.0	34.0	32.0	15.0	26.0	31.0
UD_Bulgarian-BTB	20.0	11.0	11.0	26.0	28.0	27.0	8.0	0.0	9.0	25.0	25.0	25.0	29.0	6.0	12.0	12.0	12.0	12.0	14.0	13.0	13.0	11.0	11.0	11.0	11.0	11.0	11.0	11.0	11.0	10.0	10.0	14.0	13.0	13.0	16.0	16.0	16.0	16.0	16.0	11.0	15.0	15.0	15.0	18.0	12.0	18.0	25.0	10.5	22.0	13.0	13.0	24.0	16.0	8.0	8.0	8.0	8.0	8.0	39.0	39.0	35.0	35.0	17.0	17.0	17.0	17.0	18.0	15.0	15.0	20.0	33.0	10.0	12.0	12.0	12.0	4.0	8.0	12.0	26.0	26.0	10.0	10.0	5.0	5.0	11.0	11.0	11.0	8.0	8.0	8.0	17.0	7.0	5.0	6.0	9.0	9.0	10.0	10.0	14.0	35.0	34.0	32.0	32.0	32.0	32.0	32.0	32.0	32.0	15.25	7.0	23.0	36.0	28.0	15.0	28.0	29.0
UD_Catalan-AnCora	17.0	14.0	14.0	21.0	29.0	28.0	11.0	9.0	0.0	30.0	30.0	30.0	24.0	13.0	17.0	17.0	17.0	17.0	15.0	12.0	12.0	10.0	10.0	10.0	10.0	10.0	10.0	10.0	10.0	15.0	15.0	13.0	20.0	20.0	13.0	13.0	13.0	13.0	13.0	6.0	14.0	14.0	14.0	15.0	11.0	15.0	30.0	12.5	25.0	14.0	14.0	23.0	17.0	1.0	1.0	1.0	1.0	1.0	44.0	44.0	40.0	40.0	12.0	12.0	12.0	12.0	21.0	20.0	20.0	15.0	38.0	7.0	13.0	13.0	13.0	11.0	15.0	9.0	27.0	27.0	13.0	13.0	4.0	4.0	8.0	8.0	8.0	15.0	15.0	15.0	16.0	12.0	12.0	13.0	4.0	4.0	11.0	11.0	13.0	40.0	39.0	35.0	35.0	35.0	35.0	35.0	35.0	35.0	16.25	14.0	28.0	41.0	27.0	14.0	29.0	26.0
UD_Chinese-GSD	27.0	32.0	32.0	39.0	31.0	38.0	29.0	25.0	30.0	0.0	0.0	0.0	44.0	25.0	33.0	33.0	33.0	33.0	25.0	28.0	28.0	22.0	22.0	22.0	22.0	22.0	22.0	22.0	22.0	27.0	27.0	27.0	26.0	26.0	31.0	31.0	31.0	31.0	31.0	32.0	30.0	30.0	30.0	31.0	33.0	35.0	26.0	16.5	25.0	26.0	26.0	25.0	35.0	29.0	29.0	29.0	29.0	29.0	22.0	22.0	20.0	20.0	36.0	36.0	36.0	36.0	33.0	32.0	32.0	35.0	30.0	25.0	25.0	25.0	25.0	25.0	25.0	33.0	39.0	39.0	27.0	27.0	26.0	26.0	30.0	30.0	30.0	25.0	25.0	25.0	34.0	28.0	26.0	27.0	30.0	30.0	23.0	23.0	27.0	32.0	29.0	33.0	33.0	33.0	33.0	33.0	33.0	33.0	23.25	24.0	26.0	23.0	27.0	36.0	31.0	36.0
UD_Chinese-GSDSimp	27.0	32.0	32.0	39.0	31.0	38.0	29.0	25.0	30.0	0.0	0.0	0.0	44.0	25.0	33.0	33.0	33.0	33.0	25.0	28.0	28.0	22.0	22.0	22.0	22.0	22.0	22.0	22.0	22.0	27.0	27.0	27.0	26.0	26.0	31.0	31.0	31.0	31.0	31.0	32.0	30.0	30.0	30.0	31.0	33.0	35.0	26.0	16.5	25.0	26.0	26.0	25.0	35.0	29.0	29.0	29.0	29.0	29.0	22.0	22.0	20.0	20.0	36.0	36.0	36.0	36.0	33.0	32.0	32.0	35.0	30.0	25.0	25.0	25.0	25.0	25.0	25.0	33.0	39.0	39.0	27.0	27.0	26.0	26.0	30.0	30.0	30.0	25.0	25.0	25.0	34.0	28.0	26.0	27.0	30.0	30.0	23.0	23.0	27.0	32.0	29.0	33.0	33.0	33.0	33.0	33.0	33.0	33.0	23.25	24.0	26.0	23.0	27.0	36.0	31.0	36.0
UD_Classical_Chinese-Kyoto	27.0	32.0	32.0	39.0	31.0	38.0	29.0	25.0	30.0	0.0	0.0	0.0	44.0	25.0	33.0	33.0	33.0	33.0	25.0	28.0	28.0	22.0	22.0	22.0	22.0	22.0	22.0	22.0	22.0	27.0	27.0	27.0	26.0	26.0	31.0	31.0	31.0	31.0	31.0	32.0	30.0	30.0	30.0	31.0	33.0	35.0	26.0	16.5	25.0	26.0	26.0	25.0	35.0	29.0	29.0	29.0	29.0	29.0	22.0	22.0	20.0	20.0	36.0	36.0	36.0	36.0	33.0	32.0	32.0	35.0	30.0	25.0	25.0	25.0	25.0	25.0	25.0	33.0	39.0	39.0	27.0	27.0	26.0	26.0	30.0	30.0	30.0	25.0	25.0	25.0	34.0	28.0	26.0	27.0	30.0	30.0	23.0	23.0	27.0	32.0	29.0	33.0	33.0	33.0	33.0	33.0	33.0	33.0	23.25	24.0	26.0	23.0	27.0	36.0	31.0	36.0
UD_Croatian-SET	22.0	7.0	7.0	22.0	26.0	29.0	4.0	6.0	13.0	25.0	25.0	25.0	29.0	0.0	10.0	10.0	10.0	10.0	10.0	15.0	15.0	13.0	13.0	13.0	13.0	13.0	13.0	13.0	13.0	8.0	8.0	10.0	13.0	13.0	16.0	16.0	16.0	16.0	16.0	13.0	13.0	13.0	13.0	14.0	10.0	16.0	19.0	8.5	22.0	9.0	9.0	24.0	16.0	12.0	12.0	12.0	12.0	12.0	37.0	37.0	31.0	31.0	19.0	19.0	19.0	19.0	16.0	11.0	11.0	20.0	29.0	14.0	8.0	8.0	8.0	2.0	8.0	14.0	26.0	26.0	6.0	6.0	9.0	9.0	9.0	9.0	9.0	8.0	8.0	8.0	19.0	5.0	3.0	4.0	13.0	13.0	10.0	10.0	12.0	31.0	30.0	30.0	30.0	30.0	30.0	30.0	30.0	30.0	13.25	3.0	23.0	34.0	30.0	17.0	26.0	31.0
UD_Czech-CAC	22.0	15.0	15.0	28.0	20.0	33.0	12.0	12.0	17.0	33.0	33.0	33.0	25.0	10.0	0.0	0.0	0.0	0.0	14.0	19.0	19.0	19.0	19.0	19.0	19.0	19.0	19.0	19.0	19.0	14.0	14.0	12.0	19.0	19.0	22.0	22.0	22.0	22.0	22.0	17.0	17.0	17.0	17.0	20.0	18.0	24.0	27.0	15.5	28.0	15.0	15.0	34.0	24.0	16.0	16.0	16.0	16.0	16.0	33.0	33.0	35.0	35.0	23.0	23.0	23.0	23.0	10.0	5.0	5.0	24.0	31.0	18.0	14.0	14.0	14.0	8.0	14.0	18.0	20.0	20.0	14.0	14.0	15.0	15.0	13.0	13.0	13.0	14.0	14.0	14.0	23.0	11.0	7.0	10.0	17.0	17.0	16.0	16.0	12.0	25.0	24.0	24.0	24.0	24.0	24.0	24.0	24.0	24.0	12.25	11.0	29.0	28.0	38.0	23.0	20.0	33.0
UD_Czech-FicTree	22.0	15.0	15.0	28.0	20.0	33.0	12.0	12.0	17.0	33.0	33.0	33.0	25.0	10.0	0.0	0.0	0.0	0.0	14.0	19.0	19.0	19.0	19.0	19.0	19.0	19.0	19.0	19.0	19.0	14.0	14.0	12.0	19.0	19.0	22.0	22.0	22.0	22.0	22.0	17.0	17.0	17.0	17.0	20.0	18.0	24.0	27.0	15.5	28.0	15.0	15.0	34.0	24.0	16.0	16.0	16.0	16.0	16.0	33.0	33.0	35.0	35.0	23.0	23.0	23.0	23.0	10.0	5.0	5.0	24.0	31.0	18.0	14.0	14.0	14.0	8.0	14.0	18.0	20.0	20.0	14.0	14.0	15.0	15.0	13.0	13.0	13.0	14.0	14.0	14.0	23.0	11.0	7.0	10.0	17.0	17.0	16.0	16.0	12.0	25.0	24.0	24.0	24.0	24.0	24.0	24.0	24.0	24.0	12.25	11.0	29.0	28.0	38.0	23.0	20.0	33.0
UD_Czech-PDT	22.0	15.0	15.0	28.0	20.0	33.0	12.0	12.0	17.0	33.0	33.0	33.0	25.0	10.0	0.0	0.0	0.0	0.0	14.0	19.0	19.0	19.0	19.0	19.0	19.0	19.0	19.0	19.0	19.0	14.0	14.0	12.0	19.0	19.0	22.0	22.0	22.0	22.0	22.0	17.0	17.0	17.0	17.0	20.0	18.0	24.0	27.0	15.5	28.0	15.0	15.0	34.0	24.0	16.0	16.0	16.0	16.0	16.0	33.0	33.0	35.0	35.0	23.0	23.0	23.0	23.0	10.0	5.0	5.0	24.0	31.0	18.0	14.0	14.0	14.0	8.0	14.0	18.0	20.0	20.0	14.0	14.0	15.0	15.0	13.0	13.0	13.0	14.0	14.0	14.0	23.0	11.0	7.0	10.0	17.0	17.0	16.0	16.0	12.0	25.0	24.0	24.0	24.0	24.0	24.0	24.0	24.0	24.0	12.25	11.0	29.0	28.0	38.0	23.0	20.0	33.0
UD_Danish-DDT	16.0	17.0	17.0	28.0	24.0	35.0	14.0	14.0	15.0	25.0	25.0	25.0	33.0	10.0	14.0	14.0	14.0	14.0	0.0	9.0	9.0	9.0	9.0	9.0	9.0	9.0	9.0	9.0	9.0	12.0	12.0	4.0	17.0	17.0	16.0	16.0	16.0	16.0	16.0	17.0	7.0	7.0	7.0	12.0	18.0	20.0	27.0	10.5	24.0	5.0	5.0	28.0	26.0	16.0	16.0	16.0	16.0	16.0	33.0	33.0	31.0	31.0	23.0	23.0	23.0	23.0	14.0	19.0	19.0	26.0	29.0	10.0	2.0	2.0	2.0	10.0	12.0	18.0	34.0	34.0	14.0	14.0	15.0	15.0	11.0	11.0	11.0	12.0	12.0	12.0	21.0	13.0	11.0	12.0	17.0	17.0	4.0	4.0	4.0	31.0	32.0	32.0	32.0	32.0	32.0	32.0	32.0	32.0	11.25	9.0	31.0	32.0	32.0	27.0	24.0	33.0
UD_Dutch-Alpino	9.0	22.0	22.0	33.0	29.0	32.0	17.0	13.0	12.0	28.0	28.0	28.0	32.0	15.0	19.0	19.0	19.0	19.0	9.0	0.0	0.0	6.0	6.0	6.0	6.0	6.0	6.0	6.0	6.0	19.0	19.0	9.0	24.0	24.0	17.0	17.0	17.0	17.0	17.0	18.0	2.0	2.0	2.0	11.0	21.0	23.0	30.0	10.5	25.0	12.0	12.0	25.0	25.0	13.0	13.0	13.0	13.0	13.0	34.0	34.0	34.0	34.0	18.0	18.0	18.0	18.0	19.0	24.0	24.0	27.0	32.0	7.0	9.0	9.0	9.0	15.0	17.0	15.0	31.0	31.0	19.0	19.0	14.0	14.0	18.0	18.0	18.0	17.0	17.0	17.0	20.0	18.0	16.0	17.0	16.0	16.0	7.0	7.0	11.0	34.0	35.0	35.0	35.0	35.0	35.0	35.0	35.0	35.0	10.25	14.0	30.0	35.0	29.0	24.0	29.0	30.0
UD_Dutch-LassySmall	9.0	22.0	22.0	33.0	29.0	32.0	17.0	13.0	12.0	28.0	28.0	28.0	32.0	15.0	19.0	19.0	19.0	19.0	9.0	0.0	0.0	6.0	6.0	6.0	6.0	6.0	6.0	6.0	6.0	19.0	19.0	9.0	24.0	24.0	17.0	17.0	17.0	17.0	17.0	18.0	2.0	2.0	2.0	11.0	21.0	23.0	30.0	10.5	25.0	12.0	12.0	25.0	25.0	13.0	13.0	13.0	13.0	13.0	34.0	34.0	34.0	34.0	18.0	18.0	18.0	18.0	19.0	24.0	24.0	27.0	32.0	7.0	9.0	9.0	9.0	15.0	17.0	15.0	31.0	31.0	19.0	19.0	14.0	14.0	18.0	18.0	18.0	17.0	17.0	17.0	20.0	18.0	16.0	17.0	16.0	16.0	7.0	7.0	11.0	34.0	35.0	35.0	35.0	35.0	35.0	35.0	35.0	35.0	10.25	14.0	30.0	35.0	29.0	24.0	29.0	30.0
UD_English-ESL	11.0	20.0	20.0	29.0	31.0	32.0	17.0	11.0	10.0	22.0	22.0	22.0	30.0	13.0	19.0	19.0	19.0	19.0	9.0	6.0	6.0	0.0	0.0	0.0	0.0	0.0	0.0	0.0	0.0	17.0	17.0	9.0	22.0	22.0	15.0	15.0	15.0	15.0	15.0	16.0	8.0	8.0	8.0	13.0	19.0	21.0	30.0	7.5	25.0	10.0	10.0	19.0	21.0	11.0	11.0	11.0	11.0	11.0	36.0	36.0	34.0	34.0	20.0	20.0	20.0	20.0	19.0	24.0	24.0	25.0	34.0	3.0	7.0	7.0	7.0	13.0	15.0	17.0	35.0	35.0	17.0	17.0	12.0	12.0	16.0	16.0	16.0	15.0	15.0	15.0	18.0	16.0	14.0	15.0	14.0	14.0	5.0	5.0	11.0	36.0	35.0	37.0	37.0	37.0	37.0	37.0	37.0	37.0	14.25	12.0	30.0	35.0	23.0	22.0	31.0	26.0
UD_English-EWT	11.0	20.0	20.0	29.0	31.0	32.0	17.0	11.0	10.0	22.0	22.0	22.0	30.0	13.0	19.0	19.0	19.0	19.0	9.0	6.0	6.0	0.0	0.0	0.0	0.0	0.0	0.0	0.0	0.0	17.0	17.0	9.0	22.0	22.0	15.0	15.0	15.0	15.0	15.0	16.0	8.0	8.0	8.0	13.0	19.0	21.0	30.0	7.5	25.0	10.0	10.0	19.0	21.0	11.0	11.0	11.0	11.0	11.0	36.0	36.0	34.0	34.0	20.0	20.0	20.0	20.0	19.0	24.0	24.0	25.0	34.0	3.0	7.0	7.0	7.0	13.0	15.0	17.0	35.0	35.0	17.0	17.0	12.0	12.0	16.0	16.0	16.0	15.0	15.0	15.0	18.0	16.0	14.0	15.0	14.0	14.0	5.0	5.0	11.0	36.0	35.0	37.0	37.0	37.0	37.0	37.0	37.0	37.0	14.25	12.0	30.0	35.0	23.0	22.0	31.0	26.0
UD_English-GUM	11.0	20.0	20.0	29.0	31.0	32.0	17.0	11.0	10.0	22.0	22.0	22.0	30.0	13.0	19.0	19.0	19.0	19.0	9.0	6.0	6.0	0.0	0.0	0.0	0.0	0.0	0.0	0.0	0.0	17.0	17.0	9.0	22.0	22.0	15.0	15.0	15.0	15.0	15.0	16.0	8.0	8.0	8.0	13.0	19.0	21.0	30.0	7.5	25.0	10.0	10.0	19.0	21.0	11.0	11.0	11.0	11.0	11.0	36.0	36.0	34.0	34.0	20.0	20.0	20.0	20.0	19.0	24.0	24.0	25.0	34.0	3.0	7.0	7.0	7.0	13.0	15.0	17.0	35.0	35.0	17.0	17.0	12.0	12.0	16.0	16.0	16.0	15.0	15.0	15.0	18.0	16.0	14.0	15.0	14.0	14.0	5.0	5.0	11.0	36.0	35.0	37.0	37.0	37.0	37.0	37.0	37.0	37.0	14.25	12.0	30.0	35.0	23.0	22.0	31.0	26.0
UD_English-LinES	11.0	20.0	20.0	29.0	31.0	32.0	17.0	11.0	10.0	22.0	22.0	22.0	30.0	13.0	19.0	19.0	19.0	19.0	9.0	6.0	6.0	0.0	0.0	0.0	0.0	0.0	0.0	0.0	0.0	17.0	17.0	9.0	22.0	22.0	15.0	15.0	15.0	15.0	15.0	16.0	8.0	8.0	8.0	13.0	19.0	21.0	30.0	7.5	25.0	10.0	10.0	19.0	21.0	11.0	11.0	11.0	11.0	11.0	36.0	36.0	34.0	34.0	20.0	20.0	20.0	20.0	19.0	24.0	24.0	25.0	34.0	3.0	7.0	7.0	7.0	13.0	15.0	17.0	35.0	35.0	17.0	17.0	12.0	12.0	16.0	16.0	16.0	15.0	15.0	15.0	18.0	16.0	14.0	15.0	14.0	14.0	5.0	5.0	11.0	36.0	35.0	37.0	37.0	37.0	37.0	37.0	37.0	37.0	14.25	12.0	30.0	35.0	23.0	22.0	31.0	26.0
UD_Estonian-EDT	22.0	13.0	13.0	24.0	22.0	27.0	10.0	10.0	15.0	27.0	27.0	27.0	31.0	8.0	14.0	14.0	14.0	14.0	12.0	19.0	19.0	17.0	17.0	17.0	17.0	17.0	17.0	17.0	17.0	0.0	0.0	14.0	5.0	5.0	20.0	20.0	20.0	20.0	20.0	15.0	17.0	17.0	17.0	18.0	16.0	16.0	19.0	10.5	14.0	13.0	13.0	28.0	24.0	14.0	14.0	14.0	14.0	14.0	35.0	35.0	31.0	31.0	19.0	19.0	19.0	19.0	18.0	15.0	15.0	22.0	27.0	14.0	12.0	12.0	12.0	6.0	12.0	16.0	30.0	30.0	12.0	12.0	11.0	11.0	11.0	11.0	11.0	12.0	12.0	12.0	25.0	9.0	7.0	8.0	15.0	15.0	14.0	14.0	10.0	29.0	30.0	24.0	24.0	24.0	24.0	24.0	24.0	24.0	12.25	9.0	21.0	30.0	32.0	23.0	22.0	31.0
UD_Finnish-FTB	25.0	18.0	18.0	27.0	19.0	28.0	15.0	13.0	20.0	26.0	26.0	26.0	34.0	13.0	19.0	19.0	19.0	19.0	17.0	24.0	24.0	22.0	22.0	22.0	22.0	22.0	22.0	22.0	22.0	5.0	5.0	19.0	0.0	0.0	25.0	25.0	25.0	25.0	25.0	20.0	22.0	22.0	22.0	23.0	19.0	21.0	22.0	14.5	11.0	16.0	16.0	27.0	29.0	19.0	19.0	19.0	19.0	19.0	34.0	34.0	30.0	30.0	24.0	24.0	24.0	24.0	23.0	18.0	18.0	25.0	32.0	19.0	17.0	17.0	17.0	11.0	13.0	21.0	29.0	29.0	15.0	15.0	16.0	16.0	16.0	16.0	16.0	13.0	13.0	13.0	30.0	14.0	12.0	13.0	20.0	20.0	19.0	19.0	15.0	32.0	33.0	23.0	23.0	23.0	23.0	23.0	23.0	23.0	14.25	14.0	24.0	29.0	31.0	26.0	19.0	32.0
UD_Finnish-TDT	25.0	18.0	18.0	27.0	19.0	28.0	15.0	13.0	20.0	26.0	26.0	26.0	34.0	13.0	19.0	19.0	19.0	19.0	17.0	24.0	24.0	22.0	22.0	22.0	22.0	22.0	22.0	22.0	22.0	5.0	5.0	19.0	0.0	0.0	25.0	25.0	25.0	25.0	25.0	20.0	22.0	22.0	22.0	23.0	19.0	21.0	22.0	14.5	11.0	16.0	16.0	27.0	29.0	19.0	19.0	19.0	19.0	19.0	34.0	34.0	30.0	30.0	24.0	24.0	24.0	24.0	23.0	18.0	18.0	25.0	32.0	19.0	17.0	17.0	17.0	11.0	13.0	21.0	29.0	29.0	15.0	15.0	16.0	16.0	16.0	16.0	16.0	13.0	13.0	13.0	30.0	14.0	12.0	13.0	20.0	20.0	19.0	19.0	15.0	32.0	33.0	23.0	23.0	23.0	23.0	23.0	23.0	23.0	14.25	14.0	24.0	29.0	31.0	26.0	19.0	32.0
UD_French-FTB	18.0	19.0	19.0	24.0	34.0	31.0	16.0	16.0	13.0	31.0	31.0	31.0	19.0	16.0	22.0	22.0	22.0	22.0	16.0	17.0	17.0	15.0	15.0	15.0	15.0	15.0	15.0	15.0	15.0	20.0	20.0	14.0	25.0	25.0	0.0	0.0	0.0	0.0	0.0	15.0	17.0	17.0	17.0	20.0	16.0	16.0	29.0	14.5	30.0	17.0	17.0	22.0	22.0	14.0	14.0	14.0	14.0	14.0	43.0	43.0	43.0	43.0	23.0	23.0	23.0	23.0	18.0	23.0	23.0	22.0	35.0	12.0	16.0	16.0	16.0	16.0	16.0	18.0	30.0	30.0	16.0	16.0	11.0	11.0	15.0	15.0	15.0	16.0	16.0	16.0	23.0	17.0	17.0	18.0	13.0	13.0	16.0	16.0	14.0	41.0	40.0	36.0	36.0	36.0	36.0	36.0	36.0	36.0	18.25	13.0	29.0	38.0	28.0	23.0	34.0	27.0
UD_French-GSD	18.0	19.0	19.0	24.0	34.0	31.0	16.0	16.0	13.0	31.0	31.0	31.0	19.0	16.0	22.0	22.0	22.0	22.0	16.0	17.0	17.0	15.0	15.0	15.0	15.0	15.0	15.0	15.0	15.0	20.0	20.0	14.0	25.0	25.0	0.0	0.0	0.0	0.0	0.0	15.0	17.0	17.0	17.0	20.0	16.0	16.0	29.0	14.5	30.0	17.0	17.0	22.0	22.0	14.0	14.0	14.0	14.0	14.0	43.0	43.0	43.0	43.0	23.0	23.0	23.0	23.0	18.0	23.0	23.0	22.0	35.0	12.0	16.0	16.0	16.0	16.0	16.0	18.0	30.0	30.0	16.0	16.0	11.0	11.0	15.0	15.0	15.0	16.0	16.0	16.0	23.0	17.0	17.0	18.0	13.0	13.0	16.0	16.0	14.0	41.0	40.0	36.0	36.0	36.0	36.0	36.0	36.0	36.0	18.25	13.0	29.0	38.0	28.0	23.0	34.0	27.0
UD_Galician-CTG	23.0	8.0	8.0	21.0	29.0	28.0	11.0	11.0	6.0	32.0	32.0	32.0	28.0	13.0	17.0	17.0	17.0	17.0	17.0	18.0	18.0	16.0	16.0	16.0	16.0	16.0	16.0	16.0	16.0	15.0	15.0	15.0	20.0	20.0	15.0	15.0	15.0	15.0	15.0	0.0	18.0	18.0	18.0	15.0	9.0	17.0	30.0	15.5	25.0	16.0	16.0	27.0	17.0	5.0	5.0	5.0	5.0	5.0	44.0	44.0	40.0	40.0	8.0	8.0	8.0	8.0	21.0	20.0	20.0	17.0	40.0	13.0	15.0	15.0	15.0	11.0	15.0	5.0	29.0	29.0	13.0	13.0	6.0	6.0	8.0	8.0	8.0	15.0	15.0	15.0	16.0	12.0	12.0	13.0	6.0	6.0	15.0	15.0	15.0	40.0	39.0	35.0	35.0	35.0	35.0	35.0	35.0	35.0	18.25	14.0	30.0	41.0	31.0	16.0	29.0	30.0
UD_German-GSD	11.0	20.0	20.0	31.0	27.0	32.0	15.0	15.0	14.0	30.0	30.0	30.0	32.0	13.0	17.0	17.0	17.0	17.0	7.0	2.0	2.0	8.0	8.0	8.0	8.0	8.0	8.0	8.0	8.0	17.0	17.0	7.0	22.0	22.0	17.0	17.0	17.0	17.0	17.0	18.0	0.0	0.0	0.0	9.0	19.0	23.0	28.0	10.5	23.0	10.0	10.0	27.0	27.0	15.0	15.0	15.0	15.0	15.0	34.0	34.0	32.0	32.0	18.0	18.0	18.0	18.0	17.0	22.0	22.0	29.0	30.0	9.0	7.0	7.0	7.0	13.0	15.0	15.0	33.0	33.0	17.0	17.0	16.0	16.0	16.0	16.0	16.0	15.0	15.0	15.0	22.0	16.0	14.0	15.0	18.0	18.0	9.0	9.0	9.0	32.0	33.0	33.0	33.0	33.0	33.0	33.0	33.0	33.0	8.25	12.0	32.0	33.0	31.0	26.0	27.0	32.0
UD_German-HDT	11.0	20.0	20.0	31.0	27.0	32.0	15.0	15.0	14.0	30.0	30.0	30.0	32.0	13.0	17.0	17.0	17.0	17.0	7.0	2.0	2.0	8.0	8.0	8.0	8.0	8.0	8.0	8.0	8.0	17.0	17.0	7.0	22.0	22.0	17.0	17.0	17.0	17.0	17.0	18.0	0.0	0.0	0.0	9.0	19.0	23.0	28.0	10.5	23.0	10.0	10.0	27.0	27.0	15.0	15.0	15.0	15.0	15.0	34.0	34.0	32.0	32.0	18.0	18.0	18.0	18.0	17.0	22.0	22.0	29.0	30.0	9.0	7.0	7.0	7.0	13.0	15.0	15.0	33.0	33.0	17.0	17.0	16.0	16.0	16.0	16.0	16.0	15.0	15.0	15.0	22.0	16.0	14.0	15.0	18.0	18.0	9.0	9.0	9.0	32.0	33.0	33.0	33.0	33.0	33.0	33.0	33.0	33.0	8.25	12.0	32.0	33.0	31.0	26.0	27.0	32.0
UD_Hebrew-HTB	26.0	17.0	17.0	16.0	30.0	25.0	16.0	18.0	15.0	35.0	35.0	35.0	19.0	16.0	24.0	24.0	24.0	24.0	20.0	23.0	23.0	21.0	21.0	21.0	21.0	21.0	21.0	21.0	21.0	16.0	16.0	20.0	21.0	21.0	16.0	16.0	16.0	16.0	16.0	17.0	23.0	23.0	23.0	16.0	18.0	0.0	29.0	17.5	26.0	19.0	19.0	22.0	22.0	14.0	14.0	14.0	14.0	14.0	45.0	45.0	45.0	45.0	19.0	19.0	19.0	19.0	24.0	25.0	25.0	10.0	39.0	18.0	18.0	18.0	18.0	16.0	20.0	20.0	28.0	28.0	18.0	18.0	13.0	13.0	11.0	11.0	11.0	20.0	20.0	20.0	25.0	17.0	17.0	18.0	15.0	15.0	18.0	18.0	20.0	41.0	42.0	34.0	34.0	34.0	34.0	34.0	34.0	34.0	20.25	17.0	29.0	42.0	28.0	19.0	30.0	23.0
UD_Hindi-HDTB	27.0	26.0	26.0	29.0	27.0	22.0	21.0	25.0	30.0	26.0	26.0	26.0	36.0	19.0	27.0	27.0	27.0	27.0	27.0	30.0	30.0	30.0	30.0	30.0	30.0	30.0	30.0	30.0	30.0	19.0	19.0	29.0	22.0	22.0	29.0	29.0	29.0	29.0	29.0	30.0	28.0	28.0	28.0	29.0	27.0	29.0	0.0	7.5	25.0	26.0	26.0	35.0	31.0	29.0	29.0	29.0	29.0	29.0	28.0	28.0	20.0	20.0	30.0	30.0	30.0	30.0	29.0	24.0	24.0	31.0	14.0	29.0	27.0	27.0	27.0	21.0	25.0	27.0	29.0	29.0	23.0	23.0	26.0	26.0	26.0	26.0	26.0	25.0	25.0	25.0	36.0	24.0	22.0	23.0	26.0	26.0	29.0	29.0	27.0	18.0	17.0	27.0	27.0	27.0	27.0	27.0	27.0	27.0	19.25	22.0	4.0	23.0	41.0	32.0	27.0	40.0
UD_Icelandic-IcePaHC	19.0	16.0	16.0	25.0	27.0	34.0	11.0	13.0	14.0	26.0	26.0	26.0	32.0	9.0	15.0	15.0	15.0	15.0	5.0	12.0	12.0	10.0	10.0	10.0	10.0	10.0	10.0	10.0	10.0	13.0	13.0	7.0	16.0	16.0	17.0	17.0	17.0	17.0	17.0	16.0	10.0	10.0	10.0	11.0	17.0	19.0	26.0	10.5	25.0	0.0	0.0	23.0	23.0	15.0	15.0	15.0	15.0	15.0	36.0	36.0	30.0	30.0	24.0	24.0	24.0	24.0	19.0	18.0	18.0	23.0	32.0	11.0	3.0	3.0	3.0	9.0	7.0	19.0	33.0	33.0	9.0	9.0	14.0	14.0	10.0	10.0	10.0	7.0	7.0	7.0	18.0	12.0	10.0	11.0	16.0	16.0	5.0	5.0	9.0	32.0	33.0	37.0	37.0	37.0	37.0	37.0	37.0	37.0	15.25	8.0	30.0	35.0	27.0	22.0	27.0	30.0
UD_Icelandic-Modern	19.0	16.0	16.0	25.0	27.0	34.0	11.0	13.0	14.0	26.0	26.0	26.0	32.0	9.0	15.0	15.0	15.0	15.0	5.0	12.0	12.0	10.0	10.0	10.0	10.0	10.0	10.0	10.0	10.0	13.0	13.0	7.0	16.0	16.0	17.0	17.0	17.0	17.0	17.0	16.0	10.0	10.0	10.0	11.0	17.0	19.0	26.0	10.5	25.0	0.0	0.0	23.0	23.0	15.0	15.0	15.0	15.0	15.0	36.0	36.0	30.0	30.0	24.0	24.0	24.0	24.0	19.0	18.0	18.0	23.0	32.0	11.0	3.0	3.0	3.0	9.0	7.0	19.0	33.0	33.0	9.0	9.0	14.0	14.0	10.0	10.0	10.0	7.0	7.0	7.0	18.0	12.0	10.0	11.0	16.0	16.0	5.0	5.0	9.0	32.0	33.0	37.0	37.0	37.0	37.0	37.0	37.0	37.0	15.25	8.0	30.0	35.0	27.0	22.0	27.0	30.0
UD_Indonesian-GSD	22.0	27.0	27.0	30.0	38.0	33.0	26.0	24.0	23.0	25.0	25.0	25.0	29.0	24.0	34.0	34.0	34.0	34.0	28.0	25.0	25.0	19.0	19.0	19.0	19.0	19.0	19.0	19.0	19.0	28.0	28.0	26.0	27.0	27.0	22.0	22.0	22.0	22.0	22.0	27.0	27.0	27.0	27.0	24.0	28.0	22.0	35.0	19.5	26.0	23.0	23.0	0.0	22.0	22.0	22.0	22.0	22.0	22.0	41.0	41.0	39.0	39.0	31.0	31.0	31.0	31.0	32.0	33.0	33.0	22.0	47.0	20.0	26.0	26.0	26.0	26.0	24.0	30.0	28.0	28.0	24.0	24.0	21.0	21.0	25.0	25.0	25.0	24.0	24.0	24.0	23.0	27.0	27.0	28.0	25.0	25.0	24.0	24.0	28.0	47.0	46.0	42.0	42.0	42.0	42.0	42.0	42.0	42.0	26.25	23.0	35.0	42.0	6.0	21.0	38.0	19.0
UD_Irish-IDT	30.0	15.0	15.0	18.0	40.0	31.0	16.0	16.0	17.0	35.0	35.0	35.0	27.0	16.0	24.0	24.0	24.0	24.0	26.0	25.0	25.0	21.0	21.0	21.0	21.0	21.0	21.0	21.0	21.0	24.0	24.0	24.0	29.0	29.0	22.0	22.0	22.0	22.0	22.0	17.0	27.0	27.0	27.0	22.0	16.0	22.0	31.0	18.5	36.0	23.0	23.0	22.0	0.0	16.0	16.0	16.0	16.0	16.0	47.0	47.0	45.0	45.0	23.0	23.0	23.0	23.0	26.0	23.0	23.0	18.0	41.0	22.0	24.0	24.0	24.0	18.0	22.0	20.0	28.0	28.0	18.0	18.0	15.0	15.0	19.0	19.0	19.0	22.0	22.0	22.0	7.0	19.0	19.0	20.0	17.0	17.0	22.0	22.0	26.0	41.0	40.0	42.0	42.0	42.0	42.0	42.0	42.0	42.0	26.25	19.0	31.0	44.0	28.0	5.0	40.0	27.0
UD_Italian-ISDT	18.0	13.0	13.0	20.0	28.0	27.0	10.0	8.0	1.0	29.0	29.0	29.0	25.0	12.0	16.0	16.0	16.0	16.0	16.0	13.0	13.0	11.0	11.0	11.0	11.0	11.0	11.0	11.0	11.0	14.0	14.0	14.0	19.0	19.0	14.0	14.0	14.0	14.0	14.0	5.0	15.0	15.0	15.0	14.0	10.0	14.0	29.0	12.5	24.0	15.0	15.0	22.0	16.0	0.0	0.0	0.0	0.0	0.0	43.0	43.0	39.0	39.0	11.0	11.0	11.0	11.0	20.0	19.0	19.0	14.0	39.0	8.0	14.0	14.0	14.0	10.0	14.0	8.0	26.0	26.0	12.0	12.0	3.0	3.0	7.0	7.0	7.0	14.0	14.0	14.0	15.0	11.0	11.0	12.0	3.0	3.0	12.0	12.0	14.0	39.0	38.0	34.0	34.0	34.0	34.0	34.0	34.0	34.0	16.25	13.0	27.0	40.0	26.0	13.0	28.0	25.0
UD_Italian-PoSTWITA	18.0	13.0	13.0	20.0	28.0	27.0	10.0	8.0	1.0	29.0	29.0	29.0	25.0	12.0	16.0	16.0	16.0	16.0	16.0	13.0	13.0	11.0	11.0	11.0	11.0	11.0	11.0	11.0	11.0	14.0	14.0	14.0	19.0	19.0	14.0	14.0	14.0	14.0	14.0	5.0	15.0	15.0	15.0	14.0	10.0	14.0	29.0	12.5	24.0	15.0	15.0	22.0	16.0	0.0	0.0	0.0	0.0	0.0	43.0	43.0	39.0	39.0	11.0	11.0	11.0	11.0	20.0	19.0	19.0	14.0	39.0	8.0	14.0	14.0	14.0	10.0	14.0	8.0	26.0	26.0	12.0	12.0	3.0	3.0	7.0	7.0	7.0	14.0	14.0	14.0	15.0	11.0	11.0	12.0	3.0	3.0	12.0	12.0	14.0	39.0	38.0	34.0	34.0	34.0	34.0	34.0	34.0	34.0	16.25	13.0	27.0	40.0	26.0	13.0	28.0	25.0
UD_Italian-VIT	18.0	13.0	13.0	20.0	28.0	27.0	10.0	8.0	1.0	29.0	29.0	29.0	25.0	12.0	16.0	16.0	16.0	16.0	16.0	13.0	13.0	11.0	11.0	11.0	11.0	11.0	11.0	11.0	11.0	14.0	14.0	14.0	19.0	19.0	14.0	14.0	14.0	14.0	14.0	5.0	15.0	15.0	15.0	14.0	10.0	14.0	29.0	12.5	24.0	15.0	15.0	22.0	16.0	0.0	0.0	0.0	0.0	0.0	43.0	43.0	39.0	39.0	11.0	11.0	11.0	11.0	20.0	19.0	19.0	14.0	39.0	8.0	14.0	14.0	14.0	10.0	14.0	8.0	26.0	26.0	12.0	12.0	3.0	3.0	7.0	7.0	7.0	14.0	14.0	14.0	15.0	11.0	11.0	12.0	3.0	3.0	12.0	12.0	14.0	39.0	38.0	34.0	34.0	34.0	34.0	34.0	34.0	34.0	16.25	13.0	27.0	40.0	26.0	13.0	28.0	25.0
UD_Japanese-GSD	31.0	44.0	44.0	49.0	29.0	34.0	39.0	39.0	44.0	22.0	22.0	22.0	48.0	37.0	33.0	33.0	33.0	33.0	33.0	34.0	34.0	36.0	36.0	36.0	36.0	36.0	36.0	36.0	36.0	35.0	35.0	33.0	34.0	34.0	43.0	43.0	43.0	43.0	43.0	44.0	34.0	34.0	34.0	37.0	45.0	45.0	28.0	24.5	27.0	36.0	36.0	41.0	47.0	43.0	43.0	43.0	43.0	43.0	0.0	0.0	12.0	12.0	44.0	44.0	44.0	44.0	31.0	32.0	32.0	45.0	24.0	39.0	35.0	35.0	35.0	37.0	37.0	39.0	33.0	33.0	39.0	39.0	40.0	40.0	42.0	42.0	42.0	37.0	37.0	37.0	44.0	40.0	38.0	39.0	44.0	44.0	35.0	35.0	33.0	20.0	19.0	19.0	19.0	19.0	19.0	19.0	19.0	19.0	18.25	36.0	30.0	13.0	43.0	46.0	29.0	44.0
UD_Japanese-GSDLUW	31.0	44.0	44.0	49.0	29.0	34.0	39.0	39.0	44.0	22.0	22.0	22.0	48.0	37.0	33.0	33.0	33.0	33.0	33.0	34.0	34.0	36.0	36.0	36.0	36.0	36.0	36.0	36.0	36.0	35.0	35.0	33.0	34.0	34.0	43.0	43.0	43.0	43.0	43.0	44.0	34.0	34.0	34.0	37.0	45.0	45.0	28.0	24.5	27.0	36.0	36.0	41.0	47.0	43.0	43.0	43.0	43.0	43.0	0.0	0.0	12.0	12.0	44.0	44.0	44.0	44.0	31.0	32.0	32.0	45.0	24.0	39.0	35.0	35.0	35.0	37.0	37.0	39.0	33.0	33.0	39.0	39.0	40.0	40.0	42.0	42.0	42.0	37.0	37.0	37.0	44.0	40.0	38.0	39.0	44.0	44.0	35.0	35.0	33.0	20.0	19.0	19.0	19.0	19.0	19.0	19.0	19.0	19.0	18.25	36.0	30.0	13.0	43.0	46.0	29.0	44.0
UD_Korean-GSD	33.0	38.0	38.0	47.0	29.0	32.0	33.0	35.0	40.0	20.0	20.0	20.0	54.0	31.0	35.0	35.0	35.0	35.0	31.0	34.0	34.0	34.0	34.0	34.0	34.0	34.0	34.0	34.0	34.0	31.0	31.0	33.0	30.0	30.0	43.0	43.0	43.0	43.0	43.0	40.0	32.0	32.0	32.0	33.0	41.0	45.0	20.0	19.5	25.0	30.0	30.0	39.0	45.0	39.0	39.0	39.0	39.0	39.0	12.0	12.0	0.0	0.0	40.0	40.0	40.0	40.0	39.0	36.0	36.0	45.0	22.0	37.0	31.0	31.0	31.0	31.0	31.0	35.0	39.0	39.0	33.0	33.0	38.0	38.0	36.0	36.0	36.0	31.0	31.0	31.0	38.0	34.0	32.0	33.0	40.0	40.0	33.0	33.0	33.0	22.0	19.0	25.0	25.0	25.0	25.0	25.0	25.0	25.0	20.25	30.0	24.0	19.0	41.0	44.0	29.0	48.0
UD_Korean-Kaist	33.0	38.0	38.0	47.0	29.0	32.0	33.0	35.0	40.0	20.0	20.0	20.0	54.0	31.0	35.0	35.0	35.0	35.0	31.0	34.0	34.0	34.0	34.0	34.0	34.0	34.0	34.0	34.0	34.0	31.0	31.0	33.0	30.0	30.0	43.0	43.0	43.0	43.0	43.0	40.0	32.0	32.0	32.0	33.0	41.0	45.0	20.0	19.5	25.0	30.0	30.0	39.0	45.0	39.0	39.0	39.0	39.0	39.0	12.0	12.0	0.0	0.0	40.0	40.0	40.0	40.0	39.0	36.0	36.0	45.0	22.0	37.0	31.0	31.0	31.0	31.0	31.0	35.0	39.0	39.0	33.0	33.0	38.0	38.0	36.0	36.0	36.0	31.0	31.0	31.0	38.0	34.0	32.0	33.0	40.0	40.0	33.0	33.0	33.0	22.0	19.0	25.0	25.0	25.0	25.0	25.0	25.0	25.0	20.25	30.0	24.0	19.0	41.0	44.0	29.0	48.0
UD_Latin-ITTB	21.0	12.0	12.0	27.0	29.0	24.0	17.0	17.0	12.0	36.0	36.0	36.0	32.0	19.0	23.0	23.0	23.0	23.0	23.0	18.0	18.0	20.0	20.0	20.0	20.0	20.0	20.0	20.0	20.0	19.0	19.0	21.0	24.0	24.0	23.0	23.0	23.0	23.0	23.0	8.0	18.0	18.0	18.0	13.0	17.0	19.0	30.0	17.5	25.0	24.0	24.0	31.0	23.0	11.0	11.0	11.0	11.0	11.0	44.0	44.0	40.0	40.0	0.0	0.0	0.0	0.0	27.0	24.0	24.0	19.0	40.0	17.0	21.0	21.0	21.0	17.0	23.0	7.0	33.0	33.0	21.0	21.0	14.0	14.0	14.0	14.0	14.0	23.0	23.0	23.0	22.0	18.0	18.0	19.0	14.0	14.0	21.0	21.0	21.0	40.0	39.0	35.0	35.0	35.0	35.0	35.0	35.0	35.0	18.25	20.0	30.0	41.0	35.0	20.0	29.0	34.0
UD_Latin-LLCT	21.0	12.0	12.0	27.0	29.0	24.0	17.0	17.0	12.0	36.0	36.0	36.0	32.0	19.0	23.0	23.0	23.0	23.0	23.0	18.0	18.0	20.0	20.0	20.0	20.0	20.0	20.0	20.0	20.0	19.0	19.0	21.0	24.0	24.0	23.0	23.0	23.0	23.0	23.0	8.0	18.0	18.0	18.0	13.0	17.0	19.0	30.0	17.5	25.0	24.0	24.0	31.0	23.0	11.0	11.0	11.0	11.0	11.0	44.0	44.0	40.0	40.0	0.0	0.0	0.0	0.0	27.0	24.0	24.0	19.0	40.0	17.0	21.0	21.0	21.0	17.0	23.0	7.0	33.0	33.0	21.0	21.0	14.0	14.0	14.0	14.0	14.0	23.0	23.0	23.0	22.0	18.0	18.0	19.0	14.0	14.0	21.0	21.0	21.0	40.0	39.0	35.0	35.0	35.0	35.0	35.0	35.0	35.0	18.25	20.0	30.0	41.0	35.0	20.0	29.0	34.0
UD_Latin-PROIEL	21.0	12.0	12.0	27.0	29.0	24.0	17.0	17.0	12.0	36.0	36.0	36.0	32.0	19.0	23.0	23.0	23.0	23.0	23.0	18.0	18.0	20.0	20.0	20.0	20.0	20.0	20.0	20.0	20.0	19.0	19.0	21.0	24.0	24.0	23.0	23.0	23.0	23.0	23.0	8.0	18.0	18.0	18.0	13.0	17.0	19.0	30.0	17.5	25.0	24.0	24.0	31.0	23.0	11.0	11.0	11.0	11.0	11.0	44.0	44.0	40.0	40.0	0.0	0.0	0.0	0.0	27.0	24.0	24.0	19.0	40.0	17.0	21.0	21.0	21.0	17.0	23.0	7.0	33.0	33.0	21.0	21.0	14.0	14.0	14.0	14.0	14.0	23.0	23.0	23.0	22.0	18.0	18.0	19.0	14.0	14.0	21.0	21.0	21.0	40.0	39.0	35.0	35.0	35.0	35.0	35.0	35.0	35.0	18.25	20.0	30.0	41.0	35.0	20.0	29.0	34.0
UD_Latvian-LVTB	22.0	19.0	19.0	28.0	26.0	35.0	16.0	18.0	21.0	33.0	33.0	33.0	25.0	16.0	10.0	10.0	10.0	10.0	14.0	19.0	19.0	19.0	19.0	19.0	19.0	19.0	19.0	19.0	19.0	18.0	18.0	14.0	23.0	23.0	18.0	18.0	18.0	18.0	18.0	21.0	17.0	17.0	17.0	22.0	18.0	24.0	29.0	16.5	28.0	19.0	19.0	32.0	26.0	20.0	20.0	20.0	20.0	20.0	31.0	31.0	39.0	39.0	27.0	27.0	27.0	27.0	0.0	9.0	9.0	26.0	33.0	18.0	16.0	16.0	16.0	16.0	18.0	22.0	26.0	26.0	16.0	16.0	19.0	19.0	21.0	21.0	21.0	18.0	18.0	18.0	25.0	19.0	15.0	18.0	19.0	19.0	18.0	18.0	12.0	29.0	30.0	26.0	26.0	26.0	26.0	26.0	26.0	26.0	13.25	13.0	31.0	28.0	38.0	25.0	26.0	29.0
UD_Naija-NSC	10.0	19.0	19.0	26.0	30.0	31.0	16.0	10.0	7.0	25.0	25.0	25.0	27.0	14.0	18.0	18.0	18.0	18.0	10.0	7.0	7.0	3.0	3.0	3.0	3.0	3.0	3.0	3.0	3.0	14.0	14.0	10.0	19.0	19.0	12.0	12.0	12.0	12.0	12.0	13.0	9.0	9.0	9.0	14.0	18.0	18.0	29.0	8.5	24.0	11.0	11.0	20.0	22.0	8.0	8.0	8.0	8.0	8.0	39.0	39.0	37.0	37.0	17.0	17.0	17.0	17.0	18.0	23.0	23.0	22.0	35.0	0.0	8.0	8.0	8.0	12.0	14.0	14.0	32.0	32.0	16.0	16.0	9.0	9.0	13.0	13.0	13.0	14.0	14.0	14.0	19.0	15.0	13.0	14.0	11.0	11.0	6.0	6.0	8.0	37.0	38.0	36.0	36.0	36.0	36.0	36.0	36.0	36.0	14.25	11.0	27.0	36.0	24.0	21.0	30.0	23.0
UD_Norwegian-Bokmaal	16.0	15.0	15.0	26.0	26.0	33.0	12.0	12.0	13.0	25.0	25.0	25.0	33.0	8.0	14.0	14.0	14.0	14.0	2.0	9.0	9.0	7.0	7.0	7.0	7.0	7.0	7.0	7.0	7.0	12.0	12.0	4.0	17.0	17.0	16.0	16.0	16.0	16.0	16.0	15.0	7.0	7.0	7.0	10.0	16.0	18.0	27.0	9.5	24.0	3.0	3.0	26.0	24.0	14.0	14.0	14.0	14.0	14.0	35.0	35.0	31.0	31.0	21.0	21.0	21.0	21.0	16.0	19.0	19.0	24.0	31.0	8.0	0.0	0.0	0.0	8.0	10.0	16.0	34.0	34.0	12.0	12.0	13.0	13.0	9.0	9.0	9.0	10.0	10.0	10.0	19.0	11.0	9.0	10.0	15.0	15.0	2.0	2.0	6.0	33.0	34.0	34.0	34.0	34.0	34.0	34.0	34.0	34.0	12.25	7.0	31.0	34.0	30.0	25.0	26.0	31.0
UD_Norwegian-Nynorsk	16.0	15.0	15.0	26.0	26.0	33.0	12.0	12.0	13.0	25.0	25.0	25.0	33.0	8.0	14.0	14.0	14.0	14.0	2.0	9.0	9.0	7.0	7.0	7.0	7.0	7.0	7.0	7.0	7.0	12.0	12.0	4.0	17.0	17.0	16.0	16.0	16.0	16.0	16.0	15.0	7.0	7.0	7.0	10.0	16.0	18.0	27.0	9.5	24.0	3.0	3.0	26.0	24.0	14.0	14.0	14.0	14.0	14.0	35.0	35.0	31.0	31.0	21.0	21.0	21.0	21.0	16.0	19.0	19.0	24.0	31.0	8.0	0.0	0.0	0.0	8.0	10.0	16.0	34.0	34.0	12.0	12.0	13.0	13.0	9.0	9.0	9.0	10.0	10.0	10.0	19.0	11.0	9.0	10.0	15.0	15.0	2.0	2.0	6.0	33.0	34.0	34.0	34.0	34.0	34.0	34.0	34.0	34.0	12.25	7.0	31.0	34.0	30.0	25.0	26.0	31.0
UD_Old_East_Slavic-TOROT	24.0	13.0	13.0	22.0	26.0	29.0	8.0	8.0	15.0	25.0	25.0	25.0	29.0	8.0	14.0	14.0	14.0	14.0	12.0	17.0	17.0	15.0	15.0	15.0	15.0	15.0	15.0	15.0	15.0	12.0	12.0	12.0	13.0	13.0	16.0	16.0	16.0	16.0	16.0	15.0	15.0	15.0	15.0	14.0	14.0	20.0	25.0	12.5	24.0	7.0	7.0	24.0	22.0	14.0	14.0	14.0	14.0	14.0	37.0	37.0	31.0	31.0	23.0	23.0	23.0	23.0	18.0	15.0	15.0	22.0	35.0	14.0	10.0	10.0	10.0	6.0	0.0	18.0	28.0	28.0	6.0	6.0	11.0	11.0	11.0	11.0	11.0	0.0	0.0	0.0	19.0	7.0	7.0	6.0	15.0	15.0	12.0	12.0	12.0	35.0	34.0	34.0	34.0	34.0	34.0	34.0	34.0	34.0	16.25	5.0	27.0	32.0	28.0	19.0	26.0	27.0
UD_Old_French-SRCMF	20.0	11.0	11.0	24.0	26.0	23.0	12.0	12.0	9.0	33.0	33.0	33.0	31.0	14.0	18.0	18.0	18.0	18.0	18.0	15.0	15.0	17.0	17.0	17.0	17.0	17.0	17.0	17.0	17.0	16.0	16.0	16.0	21.0	21.0	18.0	18.0	18.0	18.0	18.0	5.0	15.0	15.0	15.0	14.0	12.0	20.0	27.0	14.5	22.0	19.0	19.0	30.0	20.0	8.0	8.0	8.0	8.0	8.0	39.0	39.0	35.0	35.0	7.0	7.0	7.0	7.0	22.0	21.0	21.0	20.0	37.0	14.0	16.0	16.0	16.0	12.0	18.0	0.0	28.0	28.0	16.0	16.0	9.0	9.0	11.0	11.0	11.0	18.0	18.0	18.0	19.0	13.0	13.0	14.0	9.0	9.0	16.0	16.0	16.0	37.0	36.0	30.0	30.0	30.0	30.0	30.0	30.0	30.0	14.25	15.0	27.0	38.0	34.0	19.0	26.0	33.0
UD_Persian-PerDT	28.0	29.0	29.0	30.0	22.0	27.0	24.0	26.0	27.0	39.0	39.0	39.0	27.0	26.0	20.0	20.0	20.0	20.0	34.0	31.0	31.0	35.0	35.0	35.0	35.0	35.0	35.0	35.0	35.0	30.0	30.0	30.0	29.0	29.0	30.0	30.0	30.0	30.0	30.0	29.0	33.0	33.0	33.0	32.0	26.0	28.0	29.0	24.5	28.0	33.0	33.0	28.0	28.0	26.0	26.0	26.0	26.0	26.0	33.0	33.0	39.0	39.0	33.0	33.0	33.0	33.0	26.0	21.0	21.0	26.0	37.0	32.0	34.0	34.0	34.0	26.0	28.0	28.0	0.0	0.0	28.0	28.0	23.0	23.0	27.0	27.0	27.0	28.0	28.0	28.0	31.0	25.0	25.0	26.0	25.0	25.0	32.0	32.0	30.0	35.0	34.0	22.0	22.0	22.0	22.0	22.0	22.0	22.0	19.25	27.0	27.0	32.0	34.0	27.0	22.0	31.0
UD_Persian-Seraji	28.0	29.0	29.0	30.0	22.0	27.0	24.0	26.0	27.0	39.0	39.0	39.0	27.0	26.0	20.0	20.0	20.0	20.0	34.0	31.0	31.0	35.0	35.0	35.0	35.0	35.0	35.0	35.0	35.0	30.0	30.0	30.0	29.0	29.0	30.0	30.0	30.0	30.0	30.0	29.0	33.0	33.0	33.0	32.0	26.0	28.0	29.0	24.5	28.0	33.0	33.0	28.0	28.0	26.0	26.0	26.0	26.0	26.0	33.0	33.0	39.0	39.0	33.0	33.0	33.0	33.0	26.0	21.0	21.0	26.0	37.0	32.0	34.0	34.0	34.0	26.0	28.0	28.0	0.0	0.0	28.0	28.0	23.0	23.0	27.0	27.0	27.0	28.0	28.0	28.0	31.0	25.0	25.0	26.0	25.0	25.0	32.0	32.0	30.0	35.0	34.0	22.0	22.0	22.0	22.0	22.0	22.0	22.0	19.25	27.0	27.0	32.0	34.0	27.0	22.0	31.0
UD_Polish-LFG	26.0	9.0	9.0	20.0	28.0	31.0	4.0	10.0	13.0	27.0	27.0	27.0	29.0	6.0	14.0	14.0	14.0	14.0	14.0	19.0	19.0	17.0	17.0	17.0	17.0	17.0	17.0	17.0	17.0	12.0	12.0	14.0	15.0	15.0	16.0	16.0	16.0	16.0	16.0	13.0	17.0	17.0	17.0	16.0	10.0	18.0	23.0	12.5	24.0	9.0	9.0	24.0	18.0	12.0	12.0	12.0	12.0	12.0	39.0	39.0	33.0	33.0	21.0	21.0	21.0	21.0	16.0	11.0	11.0	18.0	35.0	16.0	12.0	12.0	12.0	6.0	6.0	16.0	28.0	28.0	0.0	0.0	11.0	11.0	11.0	11.0	11.0	6.0	6.0	6.0	19.0	9.0	7.0	8.0	13.0	13.0	14.0	14.0	14.0	35.0	34.0	34.0	34.0	34.0	34.0	34.0	34.0	34.0	17.25	5.0	25.0	34.0	30.0	15.0	28.0	29.0
UD_Polish-PDB	26.0	9.0	9.0	20.0	28.0	31.0	4.0	10.0	13.0	27.0	27.0	27.0	29.0	6.0	14.0	14.0	14.0	14.0	14.0	19.0	19.0	17.0	17.0	17.0	17.0	17.0	17.0	17.0	17.0	12.0	12.0	14.0	15.0	15.0	16.0	16.0	16.0	16.0	16.0	13.0	17.0	17.0	17.0	16.0	10.0	18.0	23.0	12.5	24.0	9.0	9.0	24.0	18.0	12.0	12.0	12.0	12.0	12.0	39.0	39.0	33.0	33.0	21.0	21.0	21.0	21.0	16.0	11.0	11.0	18.0	35.0	16.0	12.0	12.0	12.0	6.0	6.0	16.0	28.0	28.0	0.0	0.0	11.0	11.0	11.0	11.0	11.0	6.0	6.0	6.0	19.0	9.0	7.0	8.0	13.0	13.0	14.0	14.0	14.0	35.0	34.0	34.0	34.0	34.0	34.0	34.0	34.0	34.0	17.25	5.0	25.0	34.0	30.0	15.0	28.0	29.0
UD_Portuguese-Bosque	19.0	12.0	12.0	21.0	27.0	24.0	9.0	5.0	4.0	26.0	26.0	26.0	24.0	9.0	15.0	15.0	15.0	15.0	15.0	14.0	14.0	12.0	12.0	12.0	12.0	12.0	12.0	12.0	12.0	11.0	11.0	13.0	16.0	16.0	11.0	11.0	11.0	11.0	11.0	6.0	16.0	16.0	16.0	15.0	9.0	13.0	26.0	11.5	21.0	14.0	14.0	21.0	15.0	3.0	3.0	3.0	3.0	3.0	40.0	40.0	38.0	38.0	14.0	14.0	14.0	14.0	19.0	18.0	18.0	15.0	36.0	9.0	13.0	13.0	13.0	7.0	11.0	9.0	23.0	23.0	11.0	11.0	0.0	0.0	6.0	6.0	6.0	11.0	11.0	11.0	16.0	8.0	8.0	9.0	4.0	4.0	11.0	11.0	13.0	38.0	37.0	31.0	31.0	31.0	31.0	31.0	31.0	31.0	15.25	10.0	24.0	37.0	25.0	14.0	27.0	24.0
UD_Portuguese-GSD	19.0	12.0	12.0	21.0	27.0	24.0	9.0	5.0	4.0	26.0	26.0	26.0	24.0	9.0	15.0	15.0	15.0	15.0	15.0	14.0	14.0	12.0	12.0	12.0	12.0	12.0	12.0	12.0	12.0	11.0	11.0	13.0	16.0	16.0	11.0	11.0	11.0	11.0	11.0	6.0	16.0	16.0	16.0	15.0	9.0	13.0	26.0	11.5	21.0	14.0	14.0	21.0	15.0	3.0	3.0	3.0	3.0	3.0	40.0	40.0	38.0	38.0	14.0	14.0	14.0	14.0	19.0	18.0	18.0	15.0	36.0	9.0	13.0	13.0	13.0	7.0	11.0	9.0	23.0	23.0	11.0	11.0	0.0	0.0	6.0	6.0	6.0	11.0	11.0	11.0	16.0	8.0	8.0	9.0	4.0	4.0	11.0	11.0	13.0	38.0	37.0	31.0	31.0	31.0	31.0	31.0	31.0	31.0	15.25	10.0	24.0	37.0	25.0	14.0	27.0	24.0
UD_Romanian-Nonstandard	23.0	10.0	10.0	19.0	23.0	26.0	9.0	11.0	8.0	30.0	30.0	30.0	26.0	9.0	13.0	13.0	13.0	13.0	11.0	18.0	18.0	16.0	16.0	16.0	16.0	16.0	16.0	16.0	16.0	11.0	11.0	11.0	16.0	16.0	15.0	15.0	15.0	15.0	15.0	8.0	16.0	16.0	16.0	11.0	11.0	11.0	26.0	13.5	23.0	10.0	10.0	25.0	19.0	7.0	7.0	7.0	7.0	7.0	42.0	42.0	36.0	36.0	14.0	14.0	14.0	14.0	21.0	18.0	18.0	15.0	36.0	13.0	9.0	9.0	9.0	7.0	11.0	11.0	27.0	27.0	11.0	11.0	6.0	6.0	0.0	0.0	0.0	11.0	11.0	11.0	18.0	8.0	8.0	9.0	8.0	8.0	11.0	11.0	11.0	36.0	35.0	31.0	31.0	31.0	31.0	31.0	31.0	31.0	15.25	10.0	28.0	37.0	29.0	18.0	23.0	28.0
UD_Romanian-RRT	23.0	10.0	10.0	19.0	23.0	26.0	9.0	11.0	8.0	30.0	30.0	30.0	26.0	9.0	13.0	13.0	13.0	13.0	11.0	18.0	18.0	16.0	16.0	16.0	16.0	16.0	16.0	16.0	16.0	11.0	11.0	11.0	16.0	16.0	15.0	15.0	15.0	15.0	15.0	8.0	16.0	16.0	16.0	11.0	11.0	11.0	26.0	13.5	23.0	10.0	10.0	25.0	19.0	7.0	7.0	7.0	7.0	7.0	42.0	42.0	36.0	36.0	14.0	14.0	14.0	14.0	21.0	18.0	18.0	15.0	36.0	13.0	9.0	9.0	9.0	7.0	11.0	11.0	27.0	27.0	11.0	11.0	6.0	6.0	0.0	0.0	0.0	11.0	11.0	11.0	18.0	8.0	8.0	9.0	8.0	8.0	11.0	11.0	11.0	36.0	35.0	31.0	31.0	31.0	31.0	31.0	31.0	31.0	15.25	10.0	28.0	37.0	29.0	18.0	23.0	28.0
UD_Romanian-SiMoNERo	23.0	10.0	10.0	19.0	23.0	26.0	9.0	11.0	8.0	30.0	30.0	30.0	26.0	9.0	13.0	13.0	13.0	13.0	11.0	18.0	18.0	16.0	16.0	16.0	16.0	16.0	16.0	16.0	16.0	11.0	11.0	11.0	16.0	16.0	15.0	15.0	15.0	15.0	15.0	8.0	16.0	16.0	16.0	11.0	11.0	11.0	26.0	13.5	23.0	10.0	10.0	25.0	19.0	7.0	7.0	7.0	7.0	7.0	42.0	42.0	36.0	36.0	14.0	14.0	14.0	14.0	21.0	18.0	18.0	15.0	36.0	13.0	9.0	9.0	9.0	7.0	11.0	11.0	27.0	27.0	11.0	11.0	6.0	6.0	0.0	0.0	0.0	11.0	11.0	11.0	18.0	8.0	8.0	9.0	8.0	8.0	11.0	11.0	11.0	36.0	35.0	31.0	31.0	31.0	31.0	31.0	31.0	31.0	15.25	10.0	28.0	37.0	29.0	18.0	23.0	28.0
UD_Russian-GSD	24.0	13.0	13.0	22.0	26.0	29.0	8.0	8.0	15.0	25.0	25.0	25.0	29.0	8.0	14.0	14.0	14.0	14.0	12.0	17.0	17.0	15.0	15.0	15.0	15.0	15.0	15.0	15.0	15.0	12.0	12.0	12.0	13.0	13.0	16.0	16.0	16.0	16.0	16.0	15.0	15.0	15.0	15.0	14.0	14.0	20.0	25.0	12.5	24.0	7.0	7.0	24.0	22.0	14.0	14.0	14.0	14.0	14.0	37.0	37.0	31.0	31.0	23.0	23.0	23.0	23.0	18.0	15.0	15.0	22.0	35.0	14.0	10.0	10.0	10.0	6.0	0.0	18.0	28.0	28.0	6.0	6.0	11.0	11.0	11.0	11.0	11.0	0.0	0.0	0.0	19.0	7.0	7.0	6.0	15.0	15.0	12.0	12.0	12.0	35.0	34.0	34.0	34.0	34.0	34.0	34.0	34.0	34.0	16.25	5.0	27.0	32.0	28.0	19.0	26.0	27.0
UD_Russian-SynTagRus	24.0	13.0	13.0	22.0	26.0	29.0	8.0	8.0	15.0	25.0	25.0	25.0	29.0	8.0	14.0	14.0	14.0	14.0	12.0	17.0	17.0	15.0	15.0	15.0	15.0	15.0	15.0	15.0	15.0	12.0	12.0	12.0	13.0	13.0	16.0	16.0	16.0	16.0	16.0	15.0	15.0	15.0	15.0	14.0	14.0	20.0	25.0	12.5	24.0	7.0	7.0	24.0	22.0	14.0	14.0	14.0	14.0	14.0	37.0	37.0	31.0	31.0	23.0	23.0	23.0	23.0	18.0	15.0	15.0	22.0	35.0	14.0	10.0	10.0	10.0	6.0	0.0	18.0	28.0	28.0	6.0	6.0	11.0	11.0	11.0	11.0	11.0	0.0	0.0	0.0	19.0	7.0	7.0	6.0	15.0	15.0	12.0	12.0	12.0	35.0	34.0	34.0	34.0	34.0	34.0	34.0	34.0	34.0	16.25	5.0	27.0	32.0	28.0	19.0	26.0	27.0
UD_Russian-Taiga	24.0	13.0	13.0	22.0	26.0	29.0	8.0	8.0	15.0	25.0	25.0	25.0	29.0	8.0	14.0	14.0	14.0	14.0	12.0	17.0	17.0	15.0	15.0	15.0	15.0	15.0	15.0	15.0	15.0	12.0	12.0	12.0	13.0	13.0	16.0	16.0	16.0	16.0	16.0	15.0	15.0	15.0	15.0	14.0	14.0	20.0	25.0	12.5	24.0	7.0	7.0	24.0	22.0	14.0	14.0	14.0	14.0	14.0	37.0	37.0	31.0	31.0	23.0	23.0	23.0	23.0	18.0	15.0	15.0	22.0	35.0	14.0	10.0	10.0	10.0	6.0	0.0	18.0	28.0	28.0	6.0	6.0	11.0	11.0	11.0	11.0	11.0	0.0	0.0	0.0	19.0	7.0	7.0	6.0	15.0	15.0	12.0	12.0	12.0	35.0	34.0	34.0	34.0	34.0	34.0	34.0	34.0	34.0	16.25	5.0	27.0	32.0	28.0	19.0	26.0	27.0
UD_Scottish_Gaelic-ARCOSG	27.0	18.0	18.0	23.0	39.0	34.0	19.0	17.0	16.0	34.0	34.0	34.0	34.0	19.0	23.0	23.0	23.0	23.0	21.0	20.0	20.0	18.0	18.0	18.0	18.0	18.0	18.0	18.0	18.0	25.0	25.0	19.0	30.0	30.0	23.0	23.0	23.0	23.0	23.0	16.0	22.0	22.0	22.0	17.0	19.0	25.0	36.0	19.5	37.0	18.0	18.0	23.0	7.0	15.0	15.0	15.0	15.0	15.0	44.0	44.0	38.0	38.0	22.0	22.0	22.0	22.0	25.0	26.0	26.0	21.0	44.0	19.0	19.0	19.0	19.0	19.0	19.0	19.0	31.0	31.0	19.0	19.0	16.0	16.0	18.0	18.0	18.0	19.0	19.0	19.0	0.0	20.0	20.0	21.0	16.0	16.0	17.0	17.0	21.0	40.0	39.0	43.0	43.0	43.0	43.0	43.0	43.0	43.0	24.25	18.0	36.0	43.0	27.0	8.0	39.0	28.0
UD_Serbian-SET	25.0	8.0	8.0	19.0	25.0	24.0	7.0	7.0	12.0	28.0	28.0	28.0	26.0	5.0	11.0	11.0	11.0	11.0	13.0	18.0	18.0	16.0	16.0	16.0	16.0	16.0	16.0	16.0	16.0	9.0	9.0	11.0	14.0	14.0	17.0	17.0	17.0	17.0	17.0	12.0	16.0	16.0	16.0	15.0	11.0	17.0	24.0	12.5	23.0	12.0	12.0	27.0	19.0	11.0	11.0	11.0	11.0	11.0	40.0	40.0	34.0	34.0	18.0	18.0	18.0	18.0	19.0	14.0	14.0	21.0	32.0	15.0	11.0	11.0	11.0	3.0	7.0	13.0	25.0	25.0	9.0	9.0	8.0	8.0	8.0	8.0	8.0	7.0	7.0	7.0	20.0	0.0	4.0	1.0	12.0	12.0	13.0	13.0	13.0	34.0	33.0	31.0	31.0	31.0	31.0	31.0	31.0	31.0	15.25	6.0	26.0	35.0	31.0	18.0	25.0	28.0
UD_Slovak-SNK	23.0	8.0	8.0	23.0	23.0	28.0	5.0	5.0	12.0	26.0	26.0	26.0	28.0	3.0	7.0	7.0	7.0	7.0	11.0	16.0	16.0	14.0	14.0	14.0	14.0	14.0	14.0	14.0	14.0	7.0	7.0	11.0	12.0	12.0	17.0	17.0	17.0	17.0	17.0	12.0	14.0	14.0	14.0	15.0	11.0	17.0	22.0	10.5	21.0	10.0	10.0	27.0	19.0	11.0	11.0	11.0	11.0	11.0	38.0	38.0	32.0	32.0	18.0	18.0	18.0	18.0	15.0	10.0	10.0	21.0	30.0	13.0	9.0	9.0	9.0	1.0	7.0	13.0	25.0	25.0	7.0	7.0	8.0	8.0	8.0	8.0	8.0	7.0	7.0	7.0	20.0	4.0	0.0	3.0	12.0	12.0	11.0	11.0	11.0	32.0	31.0	29.0	29.0	29.0	29.0	29.0	29.0	29.0	13.25	4.0	24.0	33.0	31.0	18.0	23.0	32.0
UD_Slovenian-SSJ	24.0	9.0	9.0	20.0	24.0	25.0	6.0	6.0	13.0	27.0	27.0	27.0	27.0	4.0	10.0	10.0	10.0	10.0	12.0	17.0	17.0	15.0	15.0	15.0	15.0	15.0	15.0	15.0	15.0	8.0	8.0	12.0	13.0	13.0	18.0	18.0	18.0	18.0	18.0	13.0	15.0	15.0	15.0	16.0	12.0	18.0	23.0	11.5	22.0	11.0	11.0	28.0	20.0	12.0	12.0	12.0	12.0	12.0	39.0	39.0	33.0	33.0	19.0	19.0	19.0	19.0	18.0	13.0	13.0	22.0	31.0	14.0	10.0	10.0	10.0	2.0	6.0	14.0	26.0	26.0	8.0	8.0	9.0	9.0	9.0	9.0	9.0	6.0	6.0	6.0	21.0	1.0	3.0	0.0	13.0	13.0	12.0	12.0	12.0	33.0	32.0	30.0	30.0	30.0	30.0	30.0	30.0	30.0	14.25	5.0	25.0	34.0	32.0	19.0	24.0	29.0
UD_Spanish-AnCora	21.0	14.0	14.0	21.0	27.0	24.0	11.0	9.0	4.0	30.0	30.0	30.0	26.0	13.0	17.0	17.0	17.0	17.0	17.0	16.0	16.0	14.0	14.0	14.0	14.0	14.0	14.0	14.0	14.0	15.0	15.0	15.0	20.0	20.0	13.0	13.0	13.0	13.0	13.0	6.0	18.0	18.0	18.0	17.0	9.0	15.0	26.0	12.5	25.0	16.0	16.0	25.0	17.0	3.0	3.0	3.0	3.0	3.0	44.0	44.0	40.0	40.0	14.0	14.0	14.0	14.0	19.0	20.0	20.0	17.0	36.0	11.0	15.0	15.0	15.0	11.0	15.0	9.0	25.0	25.0	13.0	13.0	4.0	4.0	8.0	8.0	8.0	15.0	15.0	15.0	16.0	12.0	12.0	13.0	0.0	0.0	13.0	13.0	15.0	38.0	37.0	33.0	33.0	33.0	33.0	33.0	33.0	33.0	17.25	14.0	24.0	41.0	29.0	16.0	27.0	28.0
UD_Spanish-GSD	21.0	14.0	14.0	21.0	27.0	24.0	11.0	9.0	4.0	30.0	30.0	30.0	26.0	13.0	17.0	17.0	17.0	17.0	17.0	16.0	16.0	14.0	14.0	14.0	14.0	14.0	14.0	14.0	14.0	15.0	15.0	15.0	20.0	20.0	13.0	13.0	13.0	13.0	13.0	6.0	18.0	18.0	18.0	17.0	9.0	15.0	26.0	12.5	25.0	16.0	16.0	25.0	17.0	3.0	3.0	3.0	3.0	3.0	44.0	44.0	40.0	40.0	14.0	14.0	14.0	14.0	19.0	20.0	20.0	17.0	36.0	11.0	15.0	15.0	15.0	11.0	15.0	9.0	25.0	25.0	13.0	13.0	4.0	4.0	8.0	8.0	8.0	15.0	15.0	15.0	16.0	12.0	12.0	13.0	0.0	0.0	13.0	13.0	15.0	38.0	37.0	33.0	33.0	33.0	33.0	33.0	33.0	33.0	17.25	14.0	24.0	41.0	29.0	16.0	27.0	28.0
UD_Swedish-LinES	14.0	17.0	17.0	28.0	28.0	33.0	14.0	10.0	11.0	23.0	23.0	23.0	33.0	10.0	16.0	16.0	16.0	16.0	4.0	7.0	7.0	5.0	5.0	5.0	5.0	5.0	5.0	5.0	5.0	14.0	14.0	6.0	19.0	19.0	16.0	16.0	16.0	16.0	16.0	15.0	9.0	9.0	9.0	12.0	18.0	18.0	29.0	9.5	26.0	5.0	5.0	24.0	22.0	12.0	12.0	12.0	12.0	12.0	35.0	35.0	33.0	33.0	21.0	21.0	21.0	21.0	18.0	21.0	21.0	22.0	33.0	6.0	2.0	2.0	2.0	10.0	12.0	16.0	32.0	32.0	14.0	14.0	11.0	11.0	11.0	11.0	11.0	12.0	12.0	12.0	17.0	13.0	11.0	12.0	13.0	13.0	0.0	0.0	8.0	35.0	36.0	36.0	36.0	36.0	36.0	36.0	36.0	36.0	14.25	9.0	29.0	36.0	28.0	23.0	28.0	29.0
UD_Swedish-Talbanken	14.0	17.0	17.0	28.0	28.0	33.0	14.0	10.0	11.0	23.0	23.0	23.0	33.0	10.0	16.0	16.0	16.0	16.0	4.0	7.0	7.0	5.0	5.0	5.0	5.0	5.0	5.0	5.0	5.0	14.0	14.0	6.0	19.0	19.0	16.0	16.0	16.0	16.0	16.0	15.0	9.0	9.0	9.0	12.0	18.0	18.0	29.0	9.5	26.0	5.0	5.0	24.0	22.0	12.0	12.0	12.0	12.0	12.0	35.0	35.0	33.0	33.0	21.0	21.0	21.0	21.0	18.0	21.0	21.0	22.0	33.0	6.0	2.0	2.0	2.0	10.0	12.0	16.0	32.0	32.0	14.0	14.0	11.0	11.0	11.0	11.0	11.0	12.0	12.0	12.0	17.0	13.0	11.0	12.0	13.0	13.0	0.0	0.0	8.0	35.0	36.0	36.0	36.0	36.0	36.0	36.0	36.0	36.0	14.25	9.0	29.0	36.0	28.0	23.0	28.0	29.0
UD_Turkish-BOUN	30.0	35.0	35.0	36.0	18.0	27.0	30.0	32.0	35.0	33.0	33.0	33.0	37.0	30.0	24.0	24.0	24.0	24.0	32.0	35.0	35.0	37.0	37.0	37.0	37.0	37.0	37.0	37.0	37.0	24.0	24.0	32.0	23.0	23.0	36.0	36.0	36.0	36.0	36.0	35.0	33.0	33.0	33.0	36.0	34.0	34.0	27.0	24.5	18.0	37.0	37.0	42.0	42.0	34.0	34.0	34.0	34.0	34.0	19.0	19.0	25.0	25.0	35.0	35.0	35.0	35.0	26.0	25.0	25.0	36.0	27.0	36.0	34.0	34.0	34.0	28.0	34.0	30.0	22.0	22.0	34.0	34.0	31.0	31.0	31.0	31.0	31.0	34.0	34.0	34.0	43.0	31.0	29.0	30.0	33.0	33.0	36.0	36.0	28.0	21.0	18.0	0.0	0.0	0.0	0.0	0.0	0.0	0.0	8.25	31.0	29.0	16.0	46.0	41.0	18.0	41.0
UD_Turkish-Kenet	30.0	35.0	35.0	36.0	18.0	27.0	30.0	32.0	35.0	33.0	33.0	33.0	37.0	30.0	24.0	24.0	24.0	24.0	32.0	35.0	35.0	37.0	37.0	37.0	37.0	37.0	37.0	37.0	37.0	24.0	24.0	32.0	23.0	23.0	36.0	36.0	36.0	36.0	36.0	35.0	33.0	33.0	33.0	36.0	34.0	34.0	27.0	24.5	18.0	37.0	37.0	42.0	42.0	34.0	34.0	34.0	34.0	34.0	19.0	19.0	25.0	25.0	35.0	35.0	35.0	35.0	26.0	25.0	25.0	36.0	27.0	36.0	34.0	34.0	34.0	28.0	34.0	30.0	22.0	22.0	34.0	34.0	31.0	31.0	31.0	31.0	31.0	34.0	34.0	34.0	43.0	31.0	29.0	30.0	33.0	33.0	36.0	36.0	28.0	21.0	18.0	0.0	0.0	0.0	0.0	0.0	0.0	0.0	8.25	31.0	29.0	16.0	46.0	41.0	18.0	41.0
UD_Turkish-Penn	30.0	35.0	35.0	36.0	18.0	27.0	30.0	32.0	35.0	33.0	33.0	33.0	37.0	30.0	24.0	24.0	24.0	24.0	32.0	35.0	35.0	37.0	37.0	37.0	37.0	37.0	37.0	37.0	37.0	24.0	24.0	32.0	23.0	23.0	36.0	36.0	36.0	36.0	36.0	35.0	33.0	33.0	33.0	36.0	34.0	34.0	27.0	24.5	18.0	37.0	37.0	42.0	42.0	34.0	34.0	34.0	34.0	34.0	19.0	19.0	25.0	25.0	35.0	35.0	35.0	35.0	26.0	25.0	25.0	36.0	27.0	36.0	34.0	34.0	34.0	28.0	34.0	30.0	22.0	22.0	34.0	34.0	31.0	31.0	31.0	31.0	31.0	34.0	34.0	34.0	43.0	31.0	29.0	30.0	33.0	33.0	36.0	36.0	28.0	21.0	18.0	0.0	0.0	0.0	0.0	0.0	0.0	0.0	8.25	31.0	29.0	16.0	46.0	41.0	18.0	41.0
UD_Turkish-Tourism	30.0	35.0	35.0	36.0	18.0	27.0	30.0	32.0	35.0	33.0	33.0	33.0	37.0	30.0	24.0	24.0	24.0	24.0	32.0	35.0	35.0	37.0	37.0	37.0	37.0	37.0	37.0	37.0	37.0	24.0	24.0	32.0	23.0	23.0	36.0	36.0	36.0	36.0	36.0	35.0	33.0	33.0	33.0	36.0	34.0	34.0	27.0	24.5	18.0	37.0	37.0	42.0	42.0	34.0	34.0	34.0	34.0	34.0	19.0	19.0	25.0	25.0	35.0	35.0	35.0	35.0	26.0	25.0	25.0	36.0	27.0	36.0	34.0	34.0	34.0	28.0	34.0	30.0	22.0	22.0	34.0	34.0	31.0	31.0	31.0	31.0	31.0	34.0	34.0	34.0	43.0	31.0	29.0	30.0	33.0	33.0	36.0	36.0	28.0	21.0	18.0	0.0	0.0	0.0	0.0	0.0	0.0	0.0	8.25	31.0	29.0	16.0	46.0	41.0	18.0	41.0
UD_Ukrainian-IU	21.0	8.0	8.0	23.0	27.0	30.0	5.0	7.0	14.0	24.0	24.0	24.0	30.0	3.0	11.0	11.0	11.0	11.0	9.0	14.0	14.0	12.0	12.0	12.0	12.0	12.0	12.0	12.0	12.0	9.0	9.0	9.0	14.0	14.0	13.0	13.0	13.0	13.0	13.0	14.0	12.0	12.0	12.0	13.0	11.0	17.0	22.0	9.5	23.0	8.0	8.0	23.0	19.0	13.0	13.0	13.0	13.0	13.0	36.0	36.0	30.0	30.0	20.0	20.0	20.0	20.0	13.0	12.0	12.0	21.0	32.0	11.0	7.0	7.0	7.0	3.0	5.0	15.0	27.0	27.0	5.0	5.0	10.0	10.0	10.0	10.0	10.0	5.0	5.0	5.0	18.0	6.0	4.0	5.0	14.0	14.0	9.0	9.0	9.0	34.0	33.0	31.0	31.0	31.0	31.0	31.0	31.0	31.0	13.25	0.0	24.0	31.0	29.0	18.0	27.0	28.0
UD_Urdu-UDTB	27.0	28.0	28.0	31.0	29.0	22.0	23.0	23.0	28.0	26.0	26.0	26.0	36.0	23.0	29.0	29.0	29.0	29.0	31.0	30.0	30.0	30.0	30.0	30.0	30.0	30.0	30.0	30.0	30.0	21.0	21.0	33.0	24.0	24.0	29.0	29.0	29.0	29.0	29.0	30.0	32.0	32.0	32.0	33.0	29.0	29.0	4.0	9.5	27.0	30.0	30.0	35.0	31.0	27.0	27.0	27.0	27.0	27.0	30.0	30.0	24.0	24.0	30.0	30.0	30.0	30.0	31.0	26.0	26.0	29.0	16.0	27.0	31.0	31.0	31.0	23.0	27.0	27.0	27.0	27.0	25.0	25.0	24.0	24.0	28.0	28.0	28.0	27.0	27.0	27.0	36.0	26.0	24.0	25.0	24.0	24.0	29.0	29.0	29.0	20.0	19.0	29.0	29.0	29.0	29.0	29.0	29.0	29.0	22.25	24.0	0.0	23.0	41.0	30.0	29.0	38.0
UD_Western_Armenian-ArmTDP	26.0	31.0	31.0	30.0	0.0	27.0	26.0	28.0	29.0	31.0	31.0	31.0	31.0	26.0	20.0	20.0	20.0	20.0	24.0	29.0	29.0	31.0	31.0	31.0	31.0	31.0	31.0	31.0	31.0	22.0	22.0	28.0	19.0	19.0	34.0	34.0	34.0	34.0	34.0	29.0	27.0	27.0	27.0	30.0	28.0	30.0	27.0	21.5	14.0	27.0	27.0	38.0	40.0	28.0	28.0	28.0	28.0	28.0	29.0	29.0	29.0	29.0	29.0	29.0	29.0	29.0	26.0	21.0	21.0	28.0	35.0	30.0	26.0	26.0	26.0	24.0	26.0	26.0	22.0	22.0	28.0	28.0	27.0	27.0	23.0	23.0	23.0	26.0	26.0	26.0	39.0	25.0	23.0	24.0	27.0	27.0	28.0	28.0	22.0	31.0	28.0	18.0	18.0	18.0	18.0	18.0	18.0	18.0	14.25	27.0	29.0	22.0	42.0	37.0	0.0	37.0
